{
  "norm_stats": {
    "state": {
      "mean": [
        -0.3868236839771271,
        -1.3099749088287354,
        2.1632895469665527,
        3.1924734115600586,
        -0.7307475805282593,
        1.6550945043563843,
        0.6674507856369019,
        0.6722011566162109
      ],
      "std": [
        0.41811704635620117,
        0.31192076206207275,
        0.22271834313869476,
        2.2375528812408447,
        2.467308521270752,
        1.5660099983215332,
        0.11510136723518372,
        0.11912886798381805
      ],
      "q01": [
        -1.0394364464998245,
        -2.000069526934624,
        1.7542850506305694,
        -0.9162929947853089,
        -5.813969135284424,
        -0.012917706978321064,
        0.5229975956708193,
        0.5229728324890137
      ],
      "q99": [
        0.3077179692745209,
        -0.7176458181142809,
        2.6389232099056246,
        6.082818618488311,
        5.534019576644898,
        3.1687861860394477,
        0.7864264012157917,
        0.7854277916431427
      ]
    },
    "actions": {
      "mean": [
        -0.000772390398196876,
        -0.00004745859041577205,
        0.0007202690467238426,
        -0.0008805677061900496,
        -0.0002484002325218171,
        -0.00016671027697157115,
        0.6674618721008301,
        0.6722012758255005
      ],
      "std": [
        0.2071993499994278,
        0.1551865041255951,
        0.13942347466945648,
        0.12643617391586304,
        0.22004112601280212,
        0.01335504837334156,
        0.11508362740278244,
        0.11914375424385071
      ],
      "q01": [
        -0.5354487383961677,
        -0.44021941351890564,
        -0.305722820854187,
        -0.36958579778671263,
        -0.6572773174285889,
        -0.039105034637451186,
        0.5229975956708193,
        0.5225690556287765
      ],
      "q99": [
        0.6482849301695823,
        0.4238259698152542,
        0.49375144834518436,
        0.3788931003332139,
        0.6155237727880478,
        0.032575666332244846,
        0.7864264012157917,
        0.7854277916431427
      ]
    }
  }
}